﻿<?xml version="1.0" encoding="utf-8"?>
<DisplayDriverUninstaller Version="18.0.8.9">
	<LogEntries>
		<Event>
			<Time>1/6/2025 10:51:27 AM</Time>
			<Message>The following paths are detected.</Message>
			<Values Separator=" = ">
				<KvP>
					<Key>[Found] AppExeFile</Key>
					<Value>D:\Apps\Fix\Display Driver Uninstaller\Display Driver Uninstaller.exe</Value>
				</KvP>
				<KvP>
					<Key>[Found] AppBase</Key>
					<Value>D:\Apps\Fix\Display Driver Uninstaller\</Value>
				</KvP>
				<KvP>
					<Key>[Found] Settings</Key>
					<Value>D:\Apps\Fix\Display Driver Uninstaller\Settings\</Value>
				</KvP>
				<KvP>
					<Key>[Found] Logs</Key>
					<Value>D:\Apps\Fix\Display Driver Uninstaller\DDU Logs\</Value>
				</KvP>
				<KvP>
					<Key>[Found] Language</Key>
					<Value>D:\Apps\Fix\Display Driver Uninstaller\Settings\Languages\</Value>
				</KvP>
				<KvP />
				<KvP>
					<Key>[Found] ProgramFiles</Key>
					<Value>C:\Program Files\</Value>
				</KvP>
				<KvP>
					<Key>[Found] ProgramFilesx86</Key>
					<Value>C:\Program Files (x86)\</Value>
				</KvP>
				<KvP />
				<KvP>
					<Key>[Found] Roaming</Key>
					<Value>C:\ProgramData\</Value>
				</KvP>
				<KvP>
					<Key>[Not found] AppBaseRoaming</Key>
					<Value>C:\ProgramData\DisplayDriverUninstaller\</Value>
				</KvP>
				<KvP />
				<KvP>
					<Key>[Found] SystemDrive</Key>
					<Value>C:\</Value>
				</KvP>
				<KvP>
					<Key>[Found] WinDir</Key>
					<Value>C:\WINDOWS\</Value>
				</KvP>
				<KvP>
					<Key>[Found] UserPath</Key>
					<Value>C:\Users\</Value>
				</KvP>
				<KvP>
					<Key>[Found] System32</Key>
					<Value>C:\WINDOWS\system32\</Value>
				</KvP>
				<KvP>
					<Key>[Found] SysWOW64</Key>
					<Value>C:\WINDOWS\SysWOW64\</Value>
				</KvP>
			</Values>
		</Event>
		<Event>
			<Time>1/6/2025 10:51:27 AM</Time>
			<Message>System Information</Message>
			<Values Separator=" : ">
				<KvP>
					<Key>DDU Version</Key>
					<Value>18.0.8.9</Value>
				</KvP>
				<KvP>
					<Key>OS</Key>
					<Value>Windows 11</Value>
				</KvP>
				<KvP>
					<Key>Win 10 1809+ ?</Key>
					<Value>True</Value>
				</KvP>
				<KvP>
					<Key>Architecture</Key>
					<Value>x64</Value>
				</KvP>
				<KvP>
					<Key>UserRights</Key>
					<Value>Admin</Value>
				</KvP>
				<KvP>
					<Key>Arguments</Key>
					<Value>&lt;empty&gt;</Value>
				</KvP>
				<KvP />
				<KvP>
					<Key>GPU #0000</Key>
					<Value>NVIDIA GeForce GTX 1660 SUPER</Value>
				</KvP>
				<KvP>
					<Key>GPU DeviceID</Key>
					<Value>pci\ven_10de&amp;dev_21c4</Value>
				</KvP>
				<KvP>
					<Key>Vbios</Key>
					<Value>Version90 16.4f.40.70</Value>
				</KvP>
				<KvP>
					<Key>Detected Driver(s) Version(s)</Key>
					<Value>32.0.15.6636</Value>
				</KvP>
				<KvP>
					<Key>INF name</Key>
					<Value>oem59.inf</Value>
				</KvP>
				<KvP>
					<Key>INF section</Key>
					<Value>Section055</Value>
				</KvP>
				<KvP />
				<KvP>
					<Key>GPU #0001</Key>
					<Value>TeamViewer Virtual Monitor Adapter</Value>
				</KvP>
				<KvP>
					<Key>GPU DeviceID</Key>
					<Value>TVVirtualMonitor_IndirectDisplay</Value>
				</KvP>
				<KvP>
					<Key>Detected Driver(s) Version(s)</Key>
					<Value>11.24.54.284</Value>
				</KvP>
				<KvP>
					<Key>INF name</Key>
					<Value>oem19.inf</Value>
				</KvP>
				<KvP>
					<Key>INF section</Key>
					<Value>TVVirtualMonitor_Install.NT</Value>
				</KvP>
				<KvP />
			</Values>
		</Event>
		<Warning>
			<Time>1/6/2025 10:51:27 AM</Time>
			<Message>We are not in Safe Mode</Message>
		</Warning>
		<Event>
			<Time>1/6/2025 10:51:27 AM</Time>
			<Message>The following third-party driver packages are installed on this computer</Message>
			<Values Separator=" = ">
				<KvP>
					<Value>C:\WINDOWS\inf\oem0.inf</Value>
				</KvP>
				<KvP>
					<Key>Provider</Key>
					<Value>TeamViewer Germany GmbH</Value>
				</KvP>
				<KvP>
					<Key>Class</Key>
					<Value>Display</Value>
				</KvP>
				<KvP />
				<KvP>
					<Value>C:\WINDOWS\inf\oem1.inf</Value>
				</KvP>
				<KvP>
					<Key>Provider</Key>
					<Value>Intel Corporation</Value>
				</KvP>
				<KvP>
					<Key>Class</Key>
					<Value>Bluetooth</Value>
				</KvP>
				<KvP />
				<KvP>
					<Value>C:\WINDOWS\inf\oem10.inf</Value>
				</KvP>
				<KvP>
					<Key>Provider</Key>
					<Value>Intel Corporation</Value>
				</KvP>
				<KvP>
					<Key>Class</Key>
					<Value>Bluetooth</Value>
				</KvP>
				<KvP />
				<KvP>
					<Value>C:\WINDOWS\inf\oem12.inf</Value>
				</KvP>
				<KvP>
					<Key>Provider</Key>
					<Value>Intel Corporation</Value>
				</KvP>
				<KvP>
					<Key>Class</Key>
					<Value>Bluetooth</Value>
				</KvP>
				<KvP />
				<KvP>
					<Value>C:\WINDOWS\inf\oem14.inf</Value>
				</KvP>
				<KvP>
					<Key>Provider</Key>
					<Value>Intel Corporation</Value>
				</KvP>
				<KvP>
					<Key>Class</Key>
					<Value>Bluetooth</Value>
				</KvP>
				<KvP />
				<KvP>
					<Value>C:\WINDOWS\inf\oem15.inf</Value>
				</KvP>
				<KvP>
					<Key>Provider</Key>
					<Value>Realtek</Value>
				</KvP>
				<KvP>
					<Key>Class</Key>
					<Value>Net</Value>
				</KvP>
				<KvP />
				<KvP>
					<Value>C:\WINDOWS\inf\oem17.inf</Value>
				</KvP>
				<KvP>
					<Key>Provider</Key>
					<Value>Micro-Star INT'L CO., LTD.</Value>
				</KvP>
				<KvP>
					<Key>Class</Key>
					<Value>System</Value>
				</KvP>
				<KvP />
				<KvP>
					<Value>C:\WINDOWS\inf\oem2.inf</Value>
				</KvP>
				<KvP>
					<Key>Provider</Key>
					<Value>Intel Corporation</Value>
				</KvP>
				<KvP>
					<Key>Class</Key>
					<Value>Bluetooth</Value>
				</KvP>
				<KvP />
				<KvP>
					<Value>C:\WINDOWS\inf\oem20.inf</Value>
				</KvP>
				<KvP>
					<Key>Provider</Key>
					<Value>NVIDIA</Value>
				</KvP>
				<KvP>
					<Key>Class</Key>
					<Value>NvModuleTracker</Value>
				</KvP>
				<KvP />
				<KvP>
					<Value>C:\WINDOWS\inf\oem21.inf</Value>
				</KvP>
				<KvP>
					<Key>Provider</Key>
					<Value>TeamViewer Germany GmbH</Value>
				</KvP>
				<KvP>
					<Key>Class</Key>
					<Value>Display</Value>
				</KvP>
				<KvP />
				<KvP>
					<Value>C:\WINDOWS\inf\oem22.inf</Value>
				</KvP>
				<KvP>
					<Key>Provider</Key>
					<Value>Realtek Semiconductor Corp.</Value>
				</KvP>
				<KvP>
					<Key>Class</Key>
					<Value>Extension</Value>
				</KvP>
				<KvP />
				<KvP>
					<Value>C:\WINDOWS\inf\oem23.inf</Value>
				</KvP>
				<KvP>
					<Key>Provider</Key>
					<Value>NVIDIA</Value>
				</KvP>
				<KvP>
					<Key>Class</Key>
					<Value>USB</Value>
				</KvP>
				<KvP />
				<KvP>
					<Value>C:\WINDOWS\inf\oem24.inf</Value>
				</KvP>
				<KvP>
					<Key>Provider</Key>
					<Value>Intel Corporation</Value>
				</KvP>
				<KvP>
					<Key>Class</Key>
					<Value>Bluetooth</Value>
				</KvP>
				<KvP />
				<KvP>
					<Value>C:\WINDOWS\inf\oem25.inf</Value>
				</KvP>
				<KvP>
					<Key>Provider</Key>
					<Value>Advanced Micro Devices Inc.</Value>
				</KvP>
				<KvP>
					<Key>Class</Key>
					<Value>SecurityDevices</Value>
				</KvP>
				<KvP />
				<KvP>
					<Value>C:\WINDOWS\inf\oem26.inf</Value>
				</KvP>
				<KvP>
					<Key>Provider</Key>
					<Value>NVIDIA</Value>
				</KvP>
				<KvP>
					<Key>Class</Key>
					<Value>USB</Value>
				</KvP>
				<KvP />
				<KvP>
					<Value>C:\WINDOWS\inf\oem27.inf</Value>
				</KvP>
				<KvP>
					<Key>Provider</Key>
					<Value>NVIDIA</Value>
				</KvP>
				<KvP>
					<Key>Class</Key>
					<Value>MEDIA</Value>
				</KvP>
				<KvP />
				<KvP>
					<Value>C:\WINDOWS\inf\oem3.inf</Value>
				</KvP>
				<KvP>
					<Key>Provider</Key>
					<Value>Advanced Micro Devices</Value>
				</KvP>
				<KvP>
					<Key>Class</Key>
					<Value>System</Value>
				</KvP>
				<KvP />
				<KvP>
					<Value>C:\WINDOWS\inf\oem31.inf</Value>
				</KvP>
				<KvP>
					<Key>Provider</Key>
					<Value>Intel Corporation</Value>
				</KvP>
				<KvP>
					<Key>Class</Key>
					<Value>Bluetooth</Value>
				</KvP>
				<KvP />
				<KvP>
					<Value>C:\WINDOWS\inf\oem32.inf</Value>
				</KvP>
				<KvP>
					<Key>Provider</Key>
					<Value>Intel</Value>
				</KvP>
				<KvP>
					<Key>Class</Key>
					<Value>net</Value>
				</KvP>
				<KvP />
				<KvP>
					<Value>C:\WINDOWS\inf\oem33.inf</Value>
				</KvP>
				<KvP>
					<Key>Provider</Key>
					<Value>Realtek</Value>
				</KvP>
				<KvP>
					<Key>Class</Key>
					<Value>SoftwareComponent</Value>
				</KvP>
				<KvP />
				<KvP>
					<Value>C:\WINDOWS\inf\oem35.inf</Value>
				</KvP>
				<KvP>
					<Key>Provider</Key>
					<Value>Realtek</Value>
				</KvP>
				<KvP>
					<Key>Class</Key>
					<Value>AudioProcessingObject</Value>
				</KvP>
				<KvP />
				<KvP>
					<Value>C:\WINDOWS\inf\oem36.inf</Value>
				</KvP>
				<KvP>
					<Key>Provider</Key>
					<Value>Realtek</Value>
				</KvP>
				<KvP>
					<Key>Class</Key>
					<Value>SoftwareComponent</Value>
				</KvP>
				<KvP />
				<KvP>
					<Value>C:\WINDOWS\inf\oem37.inf</Value>
				</KvP>
				<KvP>
					<Key>Provider</Key>
					<Value>Intel Corporation</Value>
				</KvP>
				<KvP>
					<Key>Class</Key>
					<Value>Bluetooth</Value>
				</KvP>
				<KvP />
				<KvP>
					<Value>C:\WINDOWS\inf\oem38.inf</Value>
				</KvP>
				<KvP>
					<Key>Provider</Key>
					<Value>Intel Corporation</Value>
				</KvP>
				<KvP>
					<Key>Class</Key>
					<Value>Bluetooth</Value>
				</KvP>
				<KvP />
				<KvP>
					<Value>C:\WINDOWS\inf\oem39.inf</Value>
				</KvP>
				<KvP>
					<Key>Provider</Key>
					<Value>Advanced Micro Devices, Inc.</Value>
				</KvP>
				<KvP>
					<Key>Class</Key>
					<Value>System</Value>
				</KvP>
				<KvP />
				<KvP>
					<Value>C:\WINDOWS\inf\oem40.inf</Value>
				</KvP>
				<KvP>
					<Key>Provider</Key>
					<Value>Microsoft</Value>
				</KvP>
				<KvP>
					<Key>Class</Key>
					<Value>Printer</Value>
				</KvP>
				<KvP />
				<KvP>
					<Value>C:\WINDOWS\inf\oem42.inf</Value>
				</KvP>
				<KvP>
					<Key>Provider</Key>
					<Value>Intel Corporation</Value>
				</KvP>
				<KvP>
					<Key>Class</Key>
					<Value>Bluetooth</Value>
				</KvP>
				<KvP />
				<KvP>
					<Value>C:\WINDOWS\inf\oem44.inf</Value>
				</KvP>
				<KvP>
					<Key>Provider</Key>
					<Value>Realtek</Value>
				</KvP>
				<KvP>
					<Key>Class</Key>
					<Value>SoftwareComponent</Value>
				</KvP>
				<KvP />
				<KvP>
					<Value>C:\WINDOWS\inf\oem45.inf</Value>
				</KvP>
				<KvP>
					<Key>Provider</Key>
					<Value>Intel Corporation</Value>
				</KvP>
				<KvP>
					<Key>Class</Key>
					<Value>Bluetooth</Value>
				</KvP>
				<KvP />
				<KvP>
					<Value>C:\WINDOWS\inf\oem46.inf</Value>
				</KvP>
				<KvP>
					<Key>Provider</Key>
					<Value>NVIDIA</Value>
				</KvP>
				<KvP>
					<Key>Class</Key>
					<Value>MEDIA</Value>
				</KvP>
				<KvP />
				<KvP>
					<Value>C:\WINDOWS\inf\oem47.inf</Value>
				</KvP>
				<KvP>
					<Key>Provider</Key>
					<Value>NVIDIA Corporation</Value>
				</KvP>
				<KvP>
					<Key>Class</Key>
					<Value>MEDIA</Value>
				</KvP>
				<KvP />
				<KvP>
					<Value>C:\WINDOWS\inf\oem48.inf</Value>
				</KvP>
				<KvP>
					<Key>Provider</Key>
					<Value>Realtek</Value>
				</KvP>
				<KvP>
					<Key>Class</Key>
					<Value>AudioProcessingObject</Value>
				</KvP>
				<KvP />
				<KvP>
					<Value>C:\WINDOWS\inf\oem51.inf</Value>
				</KvP>
				<KvP>
					<Key>Provider</Key>
					<Value>Realtek</Value>
				</KvP>
				<KvP>
					<Key>Class</Key>
					<Value>Net</Value>
				</KvP>
				<KvP />
				<KvP>
					<Value>C:\WINDOWS\inf\oem52.inf</Value>
				</KvP>
				<KvP>
					<Key>Provider</Key>
					<Value>Intel Corporation</Value>
				</KvP>
				<KvP>
					<Key>Class</Key>
					<Value>Bluetooth</Value>
				</KvP>
				<KvP />
				<KvP>
					<Value>C:\WINDOWS\inf\oem53.inf</Value>
				</KvP>
				<KvP>
					<Key>Provider</Key>
					<Value>Realtek</Value>
				</KvP>
				<KvP>
					<Key>Class</Key>
					<Value>SoftwareComponent</Value>
				</KvP>
				<KvP />
				<KvP>
					<Value>C:\WINDOWS\inf\oem55.inf</Value>
				</KvP>
				<KvP>
					<Key>Provider</Key>
					<Value>Realtek Semiconductor Corp.</Value>
				</KvP>
				<KvP>
					<Key>Class</Key>
					<Value>MEDIA</Value>
				</KvP>
				<KvP />
				<KvP>
					<Value>C:\WINDOWS\inf\oem56.inf</Value>
				</KvP>
				<KvP>
					<Key>Provider</Key>
					<Value>Microsoft</Value>
				</KvP>
				<KvP>
					<Key>Class</Key>
					<Value>Printer</Value>
				</KvP>
				<KvP />
				<KvP>
					<Value>C:\WINDOWS\inf\oem57.inf</Value>
				</KvP>
				<KvP>
					<Key>Provider</Key>
					<Value>Realtek</Value>
				</KvP>
				<KvP>
					<Key>Class</Key>
					<Value>SoftwareComponent</Value>
				</KvP>
				<KvP />
				<KvP>
					<Value>C:\WINDOWS\inf\oem58.inf</Value>
				</KvP>
				<KvP>
					<Key>Provider</Key>
					<Value>Realtek</Value>
				</KvP>
				<KvP>
					<Key>Class</Key>
					<Value>SoftwareComponent</Value>
				</KvP>
				<KvP />
				<KvP>
					<Value>C:\WINDOWS\inf\oem59.inf</Value>
				</KvP>
				<KvP>
					<Key>Provider</Key>
					<Value>NVIDIA</Value>
				</KvP>
				<KvP>
					<Key>Class</Key>
					<Value>Display</Value>
				</KvP>
				<KvP />
				<KvP>
					<Value>C:\WINDOWS\inf\oem7.inf</Value>
				</KvP>
				<KvP>
					<Key>Provider</Key>
					<Value>Advanced Micro Devices, Inc</Value>
				</KvP>
				<KvP>
					<Key>Class</Key>
					<Value>System</Value>
				</KvP>
				<KvP />
				<KvP>
					<Value>C:\WINDOWS\inf\oem8.inf</Value>
				</KvP>
				<KvP>
					<Key>Provider</Key>
					<Value>Intel Corporation</Value>
				</KvP>
				<KvP>
					<Key>Class</Key>
					<Value>Bluetooth</Value>
				</KvP>
				<KvP />
				<KvP>
					<Value>C:\WINDOWS\inf\oem9.inf</Value>
				</KvP>
				<KvP>
					<Key>Provider</Key>
					<Value>Advanced Micro Devices, Inc</Value>
				</KvP>
				<KvP>
					<Key>Class</Key>
					<Value>System</Value>
				</KvP>
				<KvP />
			</Values>
		</Event>
		<Event>
			<Time>1/6/2025 10:51:31 AM</Time>
			<Message>Trying to impersonate the SYSTEM account... SUCCESS !</Message>
			<Values Separator=" : ">
				<KvP>
					<Key>Number of process to check</Key>
					<Value>269</Value>
				</KvP>
				<KvP>
					<Key>msedgewebview2</Key>
					<Value>Skipping : S-1-5-21-1903968642-339119971-3219657293-1001</Value>
				</KvP>
				<KvP>
					<Key>conhost</Key>
					<Value>S-1-5-18</Value>
				</KvP>
				<KvP>
					<Key>conhost</Key>
					<Value>SYSTEM account impersonalisation SUCCESS</Value>
				</KvP>
			</Values>
		</Event>
		<Event>
			<Time>1/6/2025 10:51:31 AM</Time>
			<Message>Reverting the Impersonalisation is successful !</Message>
		</Event>
		<Event>
			<Time>1/6/2025 10:51:37 AM</Time>
			<Message>&gt;&gt; Successfully saved log to file!</Message>
		</Event>
	</LogEntries>
</DisplayDriverUninstaller>