﻿<?xml version="1.0" encoding="utf-8"?>
<DisplayDriverUninstaller Version="18.0.5.4">
	<LogEntries>
		<Event>
			<Time>8/21/2022 8:39:09 AM</Time>
			<Message>The following paths are detected.</Message>
			<Values Separator=" = ">
				<KvP>
					<Key>[Found] AppExeFile</Key>
					<Value>I:\_TECH\Applications\Fix\Source\DDU\Display Driver Uninstaller.exe</Value>
				</KvP>
				<KvP>
					<Key>[Found] AppBase</Key>
					<Value>I:\_TECH\Applications\Fix\Source\DDU\</Value>
				</KvP>
				<KvP>
					<Key>[Found] Settings</Key>
					<Value>I:\_TECH\Applications\Fix\Source\DDU\Settings\</Value>
				</KvP>
				<KvP>
					<Key>[Found] Logs</Key>
					<Value>I:\_TECH\Applications\Fix\Source\DDU\DDU Logs\</Value>
				</KvP>
				<KvP>
					<Key>[Found] Language</Key>
					<Value>I:\_TECH\Applications\Fix\Source\DDU\Settings\Languages\</Value>
				</KvP>
				<KvP />
				<KvP>
					<Key>[Found] ProgramFiles</Key>
					<Value>C:\Program Files\</Value>
				</KvP>
				<KvP>
					<Key>[Found] ProgramFilesx86</Key>
					<Value>C:\Program Files (x86)\</Value>
				</KvP>
				<KvP />
				<KvP>
					<Key>[Found] Roaming</Key>
					<Value>C:\ProgramData\</Value>
				</KvP>
				<KvP>
					<Key>[Not found] AppBaseRoaming</Key>
					<Value>C:\ProgramData\DisplayDriverUninstaller\</Value>
				</KvP>
				<KvP />
				<KvP>
					<Key>[Found] SystemDrive</Key>
					<Value>C:\</Value>
				</KvP>
				<KvP>
					<Key>[Found] WinDir</Key>
					<Value>C:\WINDOWS\</Value>
				</KvP>
				<KvP>
					<Key>[Found] UserPath</Key>
					<Value>C:\Users\</Value>
				</KvP>
				<KvP>
					<Key>[Found] System32</Key>
					<Value>C:\WINDOWS\system32\</Value>
				</KvP>
				<KvP>
					<Key>[Found] SysWOW64</Key>
					<Value>C:\WINDOWS\SysWOW64\</Value>
				</KvP>
			</Values>
		</Event>
		<Event>
			<Time>8/21/2022 8:39:10 AM</Time>
			<Message>System Information</Message>
			<Values Separator=" : ">
				<KvP>
					<Key>DDU Version</Key>
					<Value>18.0.5.4</Value>
				</KvP>
				<KvP>
					<Key>OS</Key>
					<Value>Windows 11</Value>
				</KvP>
				<KvP>
					<Key>Win 10 1809+ ?</Key>
					<Value>True</Value>
				</KvP>
				<KvP>
					<Key>Architecture</Key>
					<Value>x64</Value>
				</KvP>
				<KvP>
					<Key>UserRights</Key>
					<Value>Admin</Value>
				</KvP>
				<KvP>
					<Key>Arguments</Key>
					<Value>&lt;empty&gt;</Value>
				</KvP>
				<KvP />
				<KvP>
					<Key>GPU #0000</Key>
					<Value>NVIDIA GeForce RTX 2060</Value>
				</KvP>
				<KvP>
					<Key>GPU DeviceID</Key>
					<Value>pci\ven_10de&amp;dev_1f08</Value>
				</KvP>
				<KvP>
					<Key>Vbios</Key>
					<Value>Version90 06.2e.40.14</Value>
				</KvP>
				<KvP>
					<Key>Detected Driver(s) Version(s)</Key>
					<Value>31.0.15.1694</Value>
				</KvP>
				<KvP>
					<Key>INF name</Key>
					<Value>oem33.inf</Value>
				</KvP>
				<KvP>
					<Key>INF section</Key>
					<Value>Section001</Value>
				</KvP>
				<KvP />
			</Values>
		</Event>
		<Warning>
			<Time>8/21/2022 8:39:10 AM</Time>
			<Message>We are not in Safe Mode</Message>
		</Warning>
		<Event>
			<Time>8/21/2022 8:39:10 AM</Time>
			<Message>The following third-party driver packages are installed on this computer</Message>
			<Values Separator=" = ">
				<KvP>
					<Value>C:\WINDOWS\inf\oem0.inf</Value>
				</KvP>
				<KvP>
					<Key>Provider</Key>
					<Value>VMware, Inc.</Value>
				</KvP>
				<KvP>
					<Key>Class</Key>
					<Value>Net</Value>
				</KvP>
				<KvP />
				<KvP>
					<Value>C:\WINDOWS\inf\oem1.inf</Value>
				</KvP>
				<KvP>
					<Key>Provider</Key>
					<Value>Intel</Value>
				</KvP>
				<KvP>
					<Key>Class</Key>
					<Value>net</Value>
				</KvP>
				<KvP />
				<KvP>
					<Value>C:\WINDOWS\inf\oem10.inf</Value>
				</KvP>
				<KvP>
					<Key>Provider</Key>
					<Value>Intel Corporation</Value>
				</KvP>
				<KvP>
					<Key>Class</Key>
					<Value>Bluetooth</Value>
				</KvP>
				<KvP />
				<KvP>
					<Value>C:\WINDOWS\inf\oem11.inf</Value>
				</KvP>
				<KvP>
					<Key>Provider</Key>
					<Value>Advanced Micro Devices, Inc</Value>
				</KvP>
				<KvP>
					<Key>Class</Key>
					<Value>System</Value>
				</KvP>
				<KvP />
				<KvP>
					<Value>C:\WINDOWS\inf\oem12.inf</Value>
				</KvP>
				<KvP>
					<Key>Provider</Key>
					<Value>Advanced Micro Devices, Inc.</Value>
				</KvP>
				<KvP>
					<Key>Class</Key>
					<Value>System</Value>
				</KvP>
				<KvP />
				<KvP>
					<Value>C:\WINDOWS\inf\oem13.inf</Value>
				</KvP>
				<KvP>
					<Key>Provider</Key>
					<Value>Advanced Micro Devices Inc.</Value>
				</KvP>
				<KvP>
					<Key>Class</Key>
					<Value>SecurityDevices</Value>
				</KvP>
				<KvP />
				<KvP>
					<Value>C:\WINDOWS\inf\oem14.inf</Value>
				</KvP>
				<KvP>
					<Key>Provider</Key>
					<Value>Advanced Micro Devices</Value>
				</KvP>
				<KvP>
					<Key>Class</Key>
					<Value>System</Value>
				</KvP>
				<KvP />
				<KvP>
					<Value>C:\WINDOWS\inf\oem15.inf</Value>
				</KvP>
				<KvP>
					<Key>Provider</Key>
					<Value>Advanced Micro Devices, Inc</Value>
				</KvP>
				<KvP>
					<Key>Class</Key>
					<Value>System</Value>
				</KvP>
				<KvP />
				<KvP>
					<Value>C:\WINDOWS\inf\oem16.inf</Value>
				</KvP>
				<KvP>
					<Key>Provider</Key>
					<Value>Dell Inc.</Value>
				</KvP>
				<KvP>
					<Key>Class</Key>
					<Value>Monitor</Value>
				</KvP>
				<KvP />
				<KvP>
					<Value>C:\WINDOWS\inf\oem17.inf</Value>
				</KvP>
				<KvP>
					<Key>Provider</Key>
					<Value>Canon</Value>
				</KvP>
				<KvP>
					<Key>Class</Key>
					<Value>Printer</Value>
				</KvP>
				<KvP />
				<KvP>
					<Value>C:\WINDOWS\inf\oem18.inf</Value>
				</KvP>
				<KvP>
					<Key>Provider</Key>
					<Value>Canon</Value>
				</KvP>
				<KvP>
					<Key>Class</Key>
					<Value>Image</Value>
				</KvP>
				<KvP />
				<KvP>
					<Value>C:\WINDOWS\inf\oem19.inf</Value>
				</KvP>
				<KvP>
					<Key>Provider</Key>
					<Value>NVIDIA</Value>
				</KvP>
				<KvP>
					<Key>Class</Key>
					<Value>USB</Value>
				</KvP>
				<KvP />
				<KvP>
					<Value>C:\WINDOWS\inf\oem2.inf</Value>
				</KvP>
				<KvP>
					<Key>Provider</Key>
					<Value>TAP-Windows Provider V9 for OpenVPN Connect</Value>
				</KvP>
				<KvP>
					<Key>Class</Key>
					<Value>Net</Value>
				</KvP>
				<KvP />
				<KvP>
					<Value>C:\WINDOWS\inf\oem20.inf</Value>
				</KvP>
				<KvP>
					<Key>Provider</Key>
					<Value>Microsoft</Value>
				</KvP>
				<KvP>
					<Key>Class</Key>
					<Value>Printer</Value>
				</KvP>
				<KvP />
				<KvP>
					<Value>C:\WINDOWS\inf\oem21.inf</Value>
				</KvP>
				<KvP>
					<Key>Provider</Key>
					<Value>SAMSUNG Electronics Co., Ltd. </Value>
				</KvP>
				<KvP>
					<Key>Class</Key>
					<Value>USB</Value>
				</KvP>
				<KvP />
				<KvP>
					<Value>C:\WINDOWS\inf\oem22.inf</Value>
				</KvP>
				<KvP>
					<Key>Provider</Key>
					<Value>SAMSUNG Electronics Co., Ltd.</Value>
				</KvP>
				<KvP>
					<Key>Class</Key>
					<Value>USB</Value>
				</KvP>
				<KvP />
				<KvP>
					<Value>C:\WINDOWS\inf\oem23.inf</Value>
				</KvP>
				<KvP>
					<Key>Provider</Key>
					<Value>SAMSUNG Electronics Co., Ltd. </Value>
				</KvP>
				<KvP>
					<Key>Class</Key>
					<Value>AndroidUsbDeviceClass</Value>
				</KvP>
				<KvP />
				<KvP>
					<Value>C:\WINDOWS\inf\oem24.inf</Value>
				</KvP>
				<KvP>
					<Key>Provider</Key>
					<Value>SAMSUNG Electronics Co., Ltd. </Value>
				</KvP>
				<KvP>
					<Key>Class</Key>
					<Value>Modem</Value>
				</KvP>
				<KvP />
				<KvP>
					<Value>C:\WINDOWS\inf\oem25.inf</Value>
				</KvP>
				<KvP>
					<Key>Provider</Key>
					<Value>Advanced Micro Devices, Inc.</Value>
				</KvP>
				<KvP>
					<Key>Class</Key>
					<Value>System</Value>
				</KvP>
				<KvP />
				<KvP>
					<Value>C:\WINDOWS\inf\oem26.inf</Value>
				</KvP>
				<KvP>
					<Key>Provider</Key>
					<Value>Advanced Micro Devices, Inc</Value>
				</KvP>
				<KvP>
					<Key>Class</Key>
					<Value>System</Value>
				</KvP>
				<KvP />
				<KvP>
					<Value>C:\WINDOWS\inf\oem27.inf</Value>
				</KvP>
				<KvP>
					<Key>Provider</Key>
					<Value>Advanced Micro Devices Inc.</Value>
				</KvP>
				<KvP>
					<Key>Class</Key>
					<Value>SecurityDevices</Value>
				</KvP>
				<KvP />
				<KvP>
					<Value>C:\WINDOWS\inf\oem28.inf</Value>
				</KvP>
				<KvP>
					<Key>Provider</Key>
					<Value>Intel Corporation</Value>
				</KvP>
				<KvP>
					<Key>Class</Key>
					<Value>Bluetooth</Value>
				</KvP>
				<KvP />
				<KvP>
					<Value>C:\WINDOWS\inf\oem29.inf</Value>
				</KvP>
				<KvP>
					<Key>Provider</Key>
					<Value>NVIDIA</Value>
				</KvP>
				<KvP>
					<Key>Class</Key>
					<Value>Mouse</Value>
				</KvP>
				<KvP />
				<KvP>
					<Value>C:\WINDOWS\inf\oem3.inf</Value>
				</KvP>
				<KvP>
					<Key>Provider</Key>
					<Value>Intel</Value>
				</KvP>
				<KvP>
					<Key>Class</Key>
					<Value>net</Value>
				</KvP>
				<KvP />
				<KvP>
					<Value>C:\WINDOWS\inf\oem30.inf</Value>
				</KvP>
				<KvP>
					<Key>Provider</Key>
					<Value>NVIDIA</Value>
				</KvP>
				<KvP>
					<Key>Class</Key>
					<Value>NvModuleTracker</Value>
				</KvP>
				<KvP />
				<KvP>
					<Value>C:\WINDOWS\inf\oem31.inf</Value>
				</KvP>
				<KvP>
					<Key>Provider</Key>
					<Value>NVIDIA</Value>
				</KvP>
				<KvP>
					<Key>Class</Key>
					<Value>System</Value>
				</KvP>
				<KvP />
				<KvP>
					<Value>C:\WINDOWS\inf\oem33.inf</Value>
				</KvP>
				<KvP>
					<Key>Provider</Key>
					<Value>NVIDIA</Value>
				</KvP>
				<KvP>
					<Key>Class</Key>
					<Value>Display</Value>
				</KvP>
				<KvP />
				<KvP>
					<Value>C:\WINDOWS\inf\oem34.inf</Value>
				</KvP>
				<KvP>
					<Key>Provider</Key>
					<Value>NVIDIA Corporation</Value>
				</KvP>
				<KvP>
					<Key>Class</Key>
					<Value>MEDIA</Value>
				</KvP>
				<KvP />
				<KvP>
					<Value>C:\WINDOWS\inf\oem35.inf</Value>
				</KvP>
				<KvP>
					<Key>Provider</Key>
					<Value>NVIDIA</Value>
				</KvP>
				<KvP>
					<Key>Class</Key>
					<Value>USB</Value>
				</KvP>
				<KvP />
				<KvP>
					<Value>C:\WINDOWS\inf\oem36.inf</Value>
				</KvP>
				<KvP>
					<Key>Provider</Key>
					<Value>NVIDIA Corporation</Value>
				</KvP>
				<KvP>
					<Key>Class</Key>
					<Value>MEDIA</Value>
				</KvP>
				<KvP />
				<KvP>
					<Value>C:\WINDOWS\inf\oem4.inf</Value>
				</KvP>
				<KvP>
					<Key>Provider</Key>
					<Value>Intel</Value>
				</KvP>
				<KvP>
					<Key>Class</Key>
					<Value>net</Value>
				</KvP>
				<KvP />
				<KvP>
					<Value>C:\WINDOWS\inf\oem5.inf</Value>
				</KvP>
				<KvP>
					<Key>Provider</Key>
					<Value>Intel</Value>
				</KvP>
				<KvP>
					<Key>Class</Key>
					<Value>net</Value>
				</KvP>
				<KvP />
				<KvP>
					<Value>C:\WINDOWS\inf\oem6.inf</Value>
				</KvP>
				<KvP>
					<Key>Provider</Key>
					<Value>Intel</Value>
				</KvP>
				<KvP>
					<Key>Class</Key>
					<Value>net</Value>
				</KvP>
				<KvP />
				<KvP>
					<Value>C:\WINDOWS\inf\oem7.inf</Value>
				</KvP>
				<KvP>
					<Key>Provider</Key>
					<Value>Realtek</Value>
				</KvP>
				<KvP>
					<Key>Class</Key>
					<Value>Net</Value>
				</KvP>
				<KvP />
				<KvP>
					<Value>C:\WINDOWS\inf\oem8.inf</Value>
				</KvP>
				<KvP>
					<Key>Provider</Key>
					<Value>Microsoft</Value>
				</KvP>
				<KvP>
					<Key>Class</Key>
					<Value>Printer</Value>
				</KvP>
				<KvP />
				<KvP>
					<Value>C:\WINDOWS\inf\oem9.inf</Value>
				</KvP>
				<KvP>
					<Key>Provider</Key>
					<Value>NVIDIA</Value>
				</KvP>
				<KvP>
					<Key>Class</Key>
					<Value>MEDIA</Value>
				</KvP>
				<KvP />
			</Values>
		</Event>
		<Event>
			<Time>8/21/2022 8:39:13 AM</Time>
			<Message>Trying to impersonate the SYSTEM account... SUCCESS !</Message>
			<Values Separator=" : ">
				<KvP>
					<Key>Number of process to check</Key>
					<Value>218</Value>
				</KvP>
				<KvP>
					<Key>msedge</Key>
					<Value>Skipping : S-1-5-21-4080603566-2293217804-228119861-1001</Value>
				</KvP>
				<KvP>
					<Key>msedge</Key>
					<Value>Skipping : S-1-5-21-4080603566-2293217804-228119861-1001</Value>
				</KvP>
				<KvP>
					<Key>Code</Key>
					<Value>Skipping : S-1-5-21-4080603566-2293217804-228119861-1001</Value>
				</KvP>
				<KvP>
					<Key>Code</Key>
					<Value>Skipping : S-1-5-21-4080603566-2293217804-228119861-1001</Value>
				</KvP>
				<KvP>
					<Key>Rambox</Key>
					<Value>Skipping : S-1-5-21-4080603566-2293217804-228119861-1001</Value>
				</KvP>
				<KvP>
					<Key>conhost</Key>
					<Value>Skipping : S-1-5-21-4080603566-2293217804-228119861-1001</Value>
				</KvP>
				<KvP>
					<Key>OfficeClickToRun</Key>
					<Value>S-1-5-18</Value>
				</KvP>
				<KvP>
					<Key>OfficeClickToRun</Key>
					<Value>SYSTEM account impersonalisation SUCCESS</Value>
				</KvP>
			</Values>
		</Event>
		<Event>
			<Time>8/21/2022 8:39:13 AM</Time>
			<Message>Reverting the Impersonalisation is successful !</Message>
		</Event>
		<Event>
			<Time>8/21/2022 8:39:47 AM</Time>
			<Message>Trying to disable search for Windows Updates</Message>
			<Values Separator=" : ">
				<KvP>
					<Key>Version</Key>
					<Value>6.4</Value>
				</KvP>
			</Values>
		</Event>
		<Event>
			<Time>8/21/2022 8:40:01 AM</Time>
			<Message>&gt;&gt; Successfully saved log to file!</Message>
		</Event>
	</LogEntries>
</DisplayDriverUninstaller>